Preco[1-300];4[49,1],[72,1],[75,1],[116,1]
Preco[301-600];26[7,1],[9,1],[17,1],[20,1],[24,1],[32,1],[41,1],[43,1],[46,1],[48,1],[68,1],[70,1],[76,1],[82,1],[83,1],[85,1],[97,1],[98,1],[105,1],[108,1],[109,1],[112,1],[113,1],[114,1],[119,1],[158,1]
Preco[601-900];69[6,1],[10,1],[14,1],[15,1],[18,1],[22,1],[23,1],[26,1],[27,1],[30,1],[31,1],[33,1],[35,1],[36,1],[37,1],[39,1],[40,1],[47,1],[51,1],[52,1],[57,1],[59,1],[64,1],[71,1],[74,1],[77,1],[78,1],[80,1],[84,1],[86,1],[87,1],[88,1],[92,1],[94,1],[95,1],[96,1],[99,1],[101,1],[106,1],[107,1],[110,1],[111,1],[115,1],[116,1],[118,1],[141,1],[144,1],[145,1],[147,1],[148,1],[151,1],[152,1],[153,1],[154,1],[155,1],[156,1],[157,1],[159,1],[160,1],[162,1],[164,1],[165,1],[166,1],[169,1],[172,1],[174,1],[175,1],[176,1],[178,1]
Preco[901-1200];28[5,1],[8,1],[11,1],[21,1],[25,1],[29,1],[34,1],[44,1],[53,1],[55,1],[66,1],[69,1],[90,1],[93,1],[100,1],[104,1],[106,1],[117,1],[120,1],[121,1],[142,1],[149,1],[150,1],[168,1],[170,1],[171,1],[177,1],[179,1]
Preco[1201-1500];19[2,1],[19,1],[38,1],[45,1],[61,1],[62,1],[63,1],[79,1],[81,1],[89,1],[91,1],[102,1],[103,1],[143,1],[146,1],[161,1],[167,1],[173,1],[180,1]
Preco[1501-1800];7[0,1],[4,1],[12,1],[16,1],[42,1],[50,1],[163,1]
Preco[1801-2100];
Preco[2101-2400];3[1,1],[13,1],[58,1]
Preco[2401-2700];1[65,1]
Preco[2701-3000];1[60,1]
Preco[3001-3300];
Preco[3301-3600];4[28,1],[54,1],[67,1],[73,1]
Preco[3601-3900];
Preco[3901-4200];1[56,1]
Conexao.Wifi;46[0,1],[1,1],[2,1],[3,1],[5,1],[6,1],[7,1],[8,1],[9,1],[11,1],[12,1],[14,1],[15,1],[16,1],[17,1],[125,1],[129,1],[142,1],[143,1],[144,1],[145,1],[146,1],[148,1],[149,1],[150,1],[152,1],[153,1],[156,1],[157,1],[159,1],[160,1],[161,1],[162,1],[166,1],[167,1],[168,1],[169,1],[170,1],[171,1],[172,1],[173,1],[174,1],[176,1],[177,1],[178,1],[179,1]
Conexao.3g;33[0,1],[1,1],[2,1],[6,1],[7,1],[8,1],[9,1],[12,1],[15,1],[16,1],[17,1],[125,1],[129,1],[142,1],[143,1],[144,1],[145,1],[146,1],[150,1],[153,1],[160,1],[161,1],[166,1],[167,1],[169,1],[170,1],[172,1],[173,1],[174,1],[176,1],[177,1],[178,1],[179,1]
Conexao.4g;58[0,1],[1,1],[2,1],[3,1],[4,1],[5,1],[6,1],[7,1],[8,1],[10,1],[11,1],[12,1],[13,1],[14,1],[15,1],[16,1],[17,1],[125,1],[129,1],[141,1],[142,1],[143,1],[144,1],[145,1],[146,1],[147,1],[148,1],[149,1],[150,1],[151,1],[152,1],[153,1],[154,1],[155,1],[156,1],[157,1],[159,1],[160,1],[161,1],[162,1],[163,1],[164,1],[165,1],[166,1],[167,1],[168,1],[169,1],[170,1],[171,1],[172,1],[173,1],[174,1],[175,1],[176,1],[177,1],[178,1],[179,1],[180,1]
Conexao.Bluetooth;2[125,1],[129,1]
Conexao.NFC;2[125,1],[129,1]
Bateria[1-300];
Bateria[301-600];
Bateria[601-900];
Bateria[901-1200];
Bateria[1201-1500];
Bateria[1501-1800];
Bateria[1801-2100];1[9,1]
Bateria[2101-2400];4[152,1],[156,1],[157,1],[162,1]
Bateria[2401-2700];11[17,1],[144,1],[147,1],[148,1],[151,1],[154,1],[155,1],[159,1],[163,1],[165,1],[172,1]
Bateria[2701-3000];24[2,1],[5,1],[7,1],[8,1],[10,1],[11,1],[14,1],[15,1],[141,1],[142,1],[145,1],[149,1],[150,1],[153,1],[160,1],[164,1],[168,1],[170,1],[171,1],[175,1],[176,1],[177,1],[178,1],[179,1]
Bateria[3001-3300];6[143,1],[146,1],[161,1],[167,1],[173,1],[174,1]
Bateria[3301-3600];1[1,1]
Bateria[3601-3900];
Bateria[3901-4200];2[166,1],[169,1]
Bateria[4201-4500];
Bateria[4501-4800];
Bateria[4801-5100];1[0,1]
OS.android;61[0,1],[1,1],[2,1],[5,1],[6,1],[7,1],[8,1],[9,1],[9,1],[10,1],[11,1],[12,1],[14,1],[15,1],[16,1],[17,1],[65,1],[104,1],[106,1],[107,1],[120,1],[125,1],[129,1],[141,1],[142,1],[143,1],[144,1],[145,1],[146,1],[147,1],[148,1],[149,1],[150,1],[151,1],[152,1],[153,1],[154,1],[155,1],[156,1],[157,1],[159,1],[160,1],[161,1],[162,1],[163,1],[164,1],[165,1],[166,1],[167,1],[168,1],[169,1],[170,1],[171,1],[172,1],[173,1],[174,1],[175,1],[176,1],[177,1],[178,1],[179,1]
OS.ios;6[3,1],[4,1],[13,1],[125,1],[129,1],[180,1]
OS.windows_phone;2[125,1],[129,1]
Nome.smartphone;172[0,1],[1,1],[2,1],[5,1],[6,1],[7,1],[8,1],[9,1],[10,1],[11,1],[12,1],[14,1],[15,1],[16,1],[17,1],[18,1],[19,1],[20,1],[21,1],[22,1],[23,1],[24,1],[25,1],[26,1],[27,1],[29,1],[30,1],[31,1],[32,1],[33,1],[34,1],[35,1],[36,1],[37,1],[38,1],[39,1],[40,1],[41,1],[42,1],[43,1],[44,1],[45,1],[46,1],[47,1],[48,1],[49,1],[50,1],[51,1],[52,1],[53,1],[54,1],[55,1],[56,1],[57,1],[58,1],[59,1],[61,1],[62,1],[63,1],[64,1],[65,1],[66,1],[68,1],[69,1],[70,1],[71,1],[74,1],[76,1],[77,1],[78,1],[79,1],[80,1],[81,1],[82,1],[83,1],[84,1],[85,1],[86,1],[87,1],[88,1],[89,1],[90,1],[91,1],[92,1],[93,1],[94,1],[95,1],[96,1],[97,1],[98,1],[99,1],[100,1],[101,1],[102,1],[103,1],[104,1],[105,1],[106,1],[106,1],[107,1],[108,1],[109,1],[110,1],[111,1],[112,1],[113,1],[114,1],[115,1],[116,1],[116,1],[117,1],[118,1],[119,1],[120,1],[121,1],[121,1],[123,1],[124,1],[125,1],[125,1],[126,1],[127,1],[129,1],[129,1],[130,1],[132,1],[133,1],[134,1],[136,1],[137,1],[138,1],[139,1],[140,1],[141,1],[142,1],[143,1],[144,1],[145,1],[146,1],[147,1],[148,1],[149,1],[150,1],[151,1],[152,1],[153,1],[154,1],[155,1],[156,1],[157,1],[158,1],[159,1],[160,1],[161,1],[162,1],[163,1],[164,1],[165,1],[166,1],[167,1],[168,1],[169,1],[170,1],[171,1],[172,1],[173,1],[174,1],[175,1],[176,1],[177,1],[178,1],[179,1]
Nome.samsung;76[0,1],[1,1],[10,1],[11,1],[19,1],[22,1],[23,1],[27,1],[32,1],[33,1],[34,1],[35,1],[37,1],[38,1],[39,1],[40,1],[41,1],[42,1],[44,1],[45,1],[46,1],[50,1],[52,1],[53,1],[54,1],[56,1],[57,1],[58,1],[59,1],[68,1],[74,1],[84,1],[85,1],[86,1],[87,1],[91,1],[92,1],[95,1],[97,1],[98,1],[99,1],[101,1],[102,1],[103,1],[104,1],[106,1],[107,1],[114,1],[116,1],[120,1],[121,1],[125,1],[128,1],[129,1],[131,1],[133,1],[139,1],[140,1],[141,1],[143,1],[144,1],[146,1],[148,1],[153,1],[154,1],[159,1],[160,1],[161,1],[164,1],[165,1],[167,1],[172,1],[173,1],[174,1],[175,1],[178,1]
Nome.galaxy;76[0,1],[1,1],[10,1],[11,1],[19,1],[22,1],[23,1],[27,1],[32,1],[33,1],[34,1],[35,1],[37,1],[38,1],[39,1],[40,1],[41,1],[42,1],[44,1],[45,1],[46,1],[50,1],[52,1],[53,1],[54,1],[56,1],[57,1],[58,1],[59,1],[68,1],[74,1],[84,1],[85,1],[86,1],[87,1],[91,1],[92,1],[95,1],[97,1],[98,1],[99,1],[101,1],[102,1],[103,1],[104,1],[106,1],[107,1],[114,1],[116,1],[120,1],[121,1],[125,1],[128,1],[129,1],[131,1],[133,1],[139,1],[140,1],[141,1],[143,1],[144,1],[146,1],[148,1],[153,1],[154,1],[159,1],[160,1],[161,1],[164,1],[165,1],[167,1],[172,1],[173,1],[174,1],[175,1],[178,1]
Nome.a9;3[0,1],[125,1],[129,1]
Nome.dual;139[0,1],[2,1],[5,1],[6,1],[7,1],[8,1],[9,1],[10,1],[11,1],[12,1],[14,1],[15,1],[16,1],[17,1],[18,1],[19,1],[20,1],[21,1],[22,1],[23,1],[24,1],[25,1],[26,1],[27,1],[29,1],[31,1],[32,1],[33,1],[34,1],[35,1],[36,1],[37,1],[43,1],[47,1],[48,1],[59,1],[61,1],[62,1],[63,1],[64,1],[66,1],[68,1],[70,1],[71,1],[74,1],[75,1],[76,1],[77,1],[78,1],[79,1],[80,1],[81,1],[82,1],[83,1],[84,1],[85,1],[86,1],[87,1],[88,1],[89,1],[90,1],[91,1],[92,1],[93,1],[94,1],[95,1],[96,1],[97,1],[98,1],[99,1],[100,1],[101,1],[102,1],[103,1],[104,1],[105,1],[106,1],[106,1],[107,1],[109,1],[110,1],[111,1],[113,1],[114,1],[115,1],[115,1],[116,1],[116,1],[116,1],[117,1],[118,1],[118,1],[119,1],[120,1],[121,1],[124,1],[125,1],[128,1],[129,1],[133,1],[141,1],[142,1],[143,1],[144,1],[145,1],[146,1],[147,1],[148,1],[149,1],[150,1],[151,1],[152,1],[153,1],[154,1],[155,1],[156,1],[157,1],[158,1],[159,1],[160,1],[161,1],[162,1],[163,1],[164,1],[165,1],[166,1],[167,1],[168,1],[169,1],[170,1],[171,1],[172,1],[173,1],[174,1],[175,1],[176,1],[177,1],[178,1],[179,1]
Nome.chip;63[0,1],[2,1],[5,1],[6,1],[7,1],[8,1],[9,1],[10,1],[11,1],[12,1],[14,1],[15,1],[16,1],[17,1],[75,1],[78,1],[79,1],[80,1],[81,1],[82,1],[83,1],[125,1],[128,1],[129,1],[133,1],[141,1],[142,1],[143,1],[144,1],[145,1],[146,1],[147,1],[148,1],[149,1],[150,1],[151,1],[152,1],[153,1],[154,1],[155,1],[156,1],[157,1],[159,1],[160,1],[161,1],[162,1],[163,1],[164,1],[165,1],[166,1],[167,1],[168,1],[169,1],[170,1],[171,1],[172,1],[173,1],[174,1],[175,1],[176,1],[177,1],[178,1],[179,1]
Nome.android;190[0,1],[0,1],[1,1],[1,1],[2,1],[2,1],[5,1],[5,1],[6,1],[6,1],[7,1],[7,1],[8,1],[8,1],[9,1],[9,1],[9,1],[10,1],[10,1],[11,1],[11,1],[12,1],[12,1],[14,1],[14,1],[15,1],[15,1],[16,1],[16,1],[17,1],[18,1],[19,1],[20,1],[21,1],[22,1],[23,1],[24,1],[25,1],[26,1],[27,1],[29,1],[30,1],[31,1],[32,1],[33,1],[34,1],[35,1],[36,1],[37,1],[58,1],[59,1],[61,1],[62,1],[63,1],[64,1],[65,1],[66,1],[68,1],[69,1],[70,1],[71,1],[74,1],[76,1],[77,1],[79,1],[81,1],[82,1],[83,1],[84,1],[85,1],[86,1],[87,1],[88,1],[89,1],[90,1],[91,1],[92,1],[93,1],[94,1],[95,1],[96,1],[97,1],[98,1],[99,1],[100,1],[101,1],[102,1],[103,1],[104,1],[105,1],[106,1],[106,1],[107,1],[114,1],[115,1],[116,1],[118,1],[119,1],[120,1],[121,1],[121,1],[123,1],[125,1],[126,1],[127,1],[128,1],[129,1],[131,1],[133,1],[137,1],[138,1],[139,1],[140,1],[141,1],[141,1],[142,1],[142,1],[143,1],[143,1],[144,1],[144,1],[145,1],[145,1],[146,1],[146,1],[147,1],[147,1],[148,1],[148,1],[149,1],[149,1],[150,1],[150,1],[151,1],[151,1],[152,1],[152,1],[153,1],[153,1],[154,1],[154,1],[155,1],[155,1],[156,1],[156,1],[157,1],[157,1],[158,1],[159,1],[159,1],[160,1],[160,1],[161,1],[161,1],[162,1],[162,1],[163,1],[163,1],[164,1],[164,1],[165,1],[165,1],[166,1],[166,1],[167,1],[167,1],[168,1],[168,1],[169,1],[169,1],[170,1],[170,1],[171,1],[171,1],[172,1],[172,1],[173,1],[173,1],[174,1],[174,1],[175,1],[175,1],[176,1],[176,1],[177,1],[177,1],[178,1],[178,1],[179,1],[179,1]
Nome.6.0;48[0,1],[1,1],[5,1],[6,1],[7,1],[15,1],[19,1],[34,1],[35,1],[37,1],[79,1],[81,1],[82,1],[83,1],[84,1],[86,1],[91,1],[95,1],[102,1],[103,1],[105,1],[109,1],[115,1],[118,1],[125,1],[128,1],[129,1],[131,1],[134,1],[137,1],[138,1],[145,1],[147,1],[149,1],[151,1],[152,1],[155,1],[156,1],[157,1],[162,1],[166,1],[168,1],[169,1],[170,1],[171,1],[173,1],[174,1],[176,1]
Nome.tela;155[0,1],[1,1],[2,1],[3,1],[5,1],[6,1],[7,1],[8,1],[9,1],[10,1],[11,1],[12,1],[13,1],[14,1],[15,1],[16,1],[17,1],[18,1],[19,1],[20,1],[21,1],[22,1],[23,1],[24,1],[25,1],[26,1],[27,1],[28,1],[29,1],[30,1],[31,1],[32,1],[33,1],[34,1],[35,1],[36,1],[37,1],[58,1],[59,1],[60,1],[61,1],[62,1],[63,1],[64,1],[65,1],[66,1],[67,1],[68,1],[69,1],[70,1],[71,1],[73,1],[74,1],[76,1],[77,1],[78,1],[79,1],[80,1],[81,1],[82,1],[83,1],[84,1],[85,1],[86,1],[87,1],[88,1],[89,1],[90,1],[91,1],[92,1],[93,1],[94,1],[95,1],[96,1],[97,1],[98,1],[99,1],[100,1],[101,1],[102,1],[103,1],[104,1],[105,1],[106,1],[106,1],[107,1],[109,1],[110,1],[111,1],[113,1],[114,1],[115,1],[116,1],[116,1],[118,1],[119,1],[120,1],[121,1],[121,1],[123,1],[124,1],[125,1],[125,1],[126,1],[127,1],[128,1],[129,1],[129,1],[130,1],[132,1],[133,1],[134,1],[136,1],[138,1],[139,1],[140,1],[141,1],[142,1],[143,1],[144,1],[145,1],[146,1],[147,1],[148,1],[149,1],[150,1],[151,1],[152,1],[153,1],[154,1],[155,1],[156,1],[157,1],[159,1],[160,1],[161,1],[162,1],[163,1],[164,1],[165,1],[166,1],[167,1],[168,1],[169,1],[170,1],[171,1],[172,1],[173,1],[174,1],[175,1],[176,1],[177,1],[178,1],[179,1],[180,1]
Nome.6";5[0,1],[123,1],[124,1],[125,1],[129,1]
Nome.octacore;18[0,1],[19,1],[21,1],[25,1],[29,1],[58,1],[61,1],[62,1],[63,1],[66,1],[89,1],[90,1],[93,1],[100,1],[103,1],[124,1],[125,1],[129,1]
Nome.1.8;3[0,1],[125,1],[129,1]
Nome.ghz;33[0,1],[9,1],[22,1],[23,1],[26,1],[27,1],[30,1],[31,1],[32,1],[33,1],[34,1],[35,1],[37,1],[59,1],[64,1],[68,1],[69,1],[76,1],[77,1],[84,1],[85,1],[86,1],[87,1],[88,1],[92,1],[95,1],[97,1],[98,1],[99,1],[101,1],[125,1],[129,1],[173,1]
Nome.32gb;32[0,1],[1,1],[2,1],[8,1],[12,1],[14,1],[16,1],[47,1],[55,1],[79,1],[81,1],[125,1],[125,1],[126,1],[129,1],[129,1],[137,1],[139,1],[140,1],[142,1],[143,1],[146,1],[149,1],[150,1],[161,1],[167,1],[168,1],[170,1],[171,1],[173,1],[177,1],[179,1]
Nome.4g;64[0,1],[1,1],[2,1],[7,1],[8,1],[10,1],[11,1],[12,1],[14,1],[16,1],[17,1],[28,1],[43,1],[44,1],[47,1],[53,1],[67,1],[73,1],[79,1],[81,1],[121,1],[125,1],[126,1],[127,1],[128,1],[129,1],[131,1],[133,1],[137,1],[139,1],[140,1],[141,1],[142,1],[143,1],[144,1],[146,1],[147,1],[148,1],[150,1],[151,1],[152,1],[153,1],[154,1],[155,1],[156,1],[157,1],[159,1],[160,1],[161,1],[162,1],[163,1],[164,1],[165,1],[166,1],[167,1],[169,1],[170,1],[172,1],[173,1],[174,1],[175,1],[177,1],[178,1],[179,1]
Nome.câmera;148[0,1],[1,1],[2,1],[3,1],[4,1],[5,1],[6,1],[7,1],[8,1],[9,1],[10,1],[11,1],[12,1],[13,1],[14,1],[15,1],[16,1],[17,1],[18,1],[19,1],[20,1],[21,1],[22,1],[23,1],[24,1],[25,1],[26,1],[27,1],[28,1],[29,1],[30,1],[31,1],[32,1],[33,1],[34,1],[35,1],[36,1],[37,1],[58,1],[59,1],[60,1],[61,1],[62,1],[63,1],[64,1],[66,1],[67,1],[70,1],[71,1],[73,1],[74,1],[76,1],[77,1],[78,1],[79,1],[80,1],[81,1],[82,1],[83,1],[84,1],[85,1],[86,1],[87,1],[88,1],[89,1],[90,1],[91,1],[92,1],[93,1],[94,1],[95,1],[96,1],[97,1],[98,1],[99,1],[100,1],[101,1],[102,1],[103,1],[104,1],[105,1],[106,1],[106,1],[107,1],[109,1],[110,1],[111,1],[113,1],[114,1],[115,1],[116,1],[116,1],[118,1],[119,1],[120,1],[121,1],[121,1],[125,1],[126,1],[127,1],[128,1],[129,1],[133,1],[134,1],[138,1],[139,1],[140,1],[141,1],[142,1],[143,1],[144,1],[145,1],[146,1],[147,1],[148,1],[149,1],[150,1],[151,1],[152,1],[153,1],[154,1],[155,1],[156,1],[157,1],[158,1],[158,1],[159,1],[160,1],[161,1],[162,1],[163,1],[164,1],[165,1],[166,1],[167,1],[168,1],[169,1],[170,1],[171,1],[172,1],[173,1],[174,1],[175,1],[176,1],[177,1],[178,1],[179,1],[180,1]
Nome.16mp;16[0,1],[12,1],[16,1],[79,1],[81,1],[125,1],[125,1],[129,1],[129,1],[137,1],[139,1],[140,1],[149,1],[168,1],[170,1],[171,1]
Nome.dourado;55[0,1],[3,1],[9,1],[10,1],[14,1],[19,1],[27,1],[28,1],[32,1],[33,1],[34,1],[36,1],[37,1],[40,1],[42,1],[44,1],[45,1],[52,1],[58,1],[59,1],[61,1],[73,1],[74,1],[77,1],[84,1],[92,1],[95,1],[96,1],[97,1],[98,1],[101,1],[103,1],[106,1],[107,1],[110,1],[114,1],[118,1],[123,1],[125,1],[129,1],[131,1],[135,1],[140,1],[141,1],[144,1],[146,1],[147,1],[148,1],[153,1],[156,1],[161,1],[169,1],[172,1],[175,1],[178,1]
Nome.s7;4[1,1],[58,1],[125,1],[129,1]
Nome.5.1";5[1,1],[125,1],[129,1],[139,1],[140,1]
Nome.12mp;6[1,1],[2,1],[3,1],[58,1],[125,1],[129,1]
Nome.preto;64[1,1],[5,1],[6,1],[7,1],[11,1],[12,1],[15,1],[17,1],[18,1],[20,1],[22,1],[23,1],[25,1],[35,1],[38,1],[39,1],[46,1],[48,1],[49,1],[50,1],[51,1],[53,1],[56,1],[68,1],[70,1],[75,1],[78,1],[80,1],[85,1],[86,1],[87,1],[90,1],[94,1],[99,1],[102,1],[105,1],[106,1],[111,1],[116,1],[120,1],[121,1],[121,1],[125,1],[126,1],[128,1],[129,1],[129,1],[132,1],[133,1],[136,1],[138,1],[139,1],[143,1],[145,1],[149,1],[154,1],[159,1],[160,1],[163,1],[165,1],[167,1],[171,1],[174,1],[176,1]
Nome.moto;43[2,1],[5,1],[8,1],[15,1],[18,1],[21,1],[25,1],[29,1],[36,1],[51,1],[55,1],[62,1],[63,1],[66,1],[79,1],[81,1],[89,1],[90,1],[93,1],[94,1],[96,1],[100,1],[117,1],[121,1],[125,1],[125,1],[126,1],[129,1],[129,1],[130,1],[132,1],[136,1],[142,1],[145,1],[149,1],[150,1],[163,1],[168,1],[170,1],[171,1],[176,1],[177,1],[179,1]
Nome.g;12[2,1],[8,1],[121,1],[125,1],[125,1],[129,1],[129,1],[142,1],[150,1],[170,1],[177,1],[179,1]
Nome.5;15[2,1],[8,1],[106,1],[119,1],[121,1],[121,1],[125,1],[126,1],[129,1],[139,1],[140,1],[142,1],[150,1],[177,1],[179,1]
Nome.plus;21[2,1],[25,1],[55,1],[61,1],[62,1],[63,1],[66,1],[79,1],[81,1],[89,1],[90,1],[117,1],[125,1],[125,1],[129,1],[129,1],[135,1],[149,1],[168,1],[170,1],[171,1]
Nome.7.0;9[2,1],[8,1],[106,1],[125,1],[129,1],[142,1],[150,1],[177,1],[179,1]
Nome.5.2";12[2,1],[11,1],[12,1],[16,1],[125,1],[129,1],[137,1],[138,1],[147,1],[151,1],[155,1],[174,1]
Nome.ouro;10[2,1],[21,1],[63,1],[67,1],[100,1],[125,1],[129,1],[134,1],[142,1],[179,1]
Nome.iphone;12[3,1],[4,1],[13,1],[28,1],[60,1],[67,1],[73,1],[122,1],[125,1],[129,1],[135,1],[180,1]
Nome.7;9[3,1],[28,1],[67,1],[73,1],[125,1],[129,1],[153,1],[160,1],[178,1]
Nome.256gb;3[3,1],[125,1],[129,1]
Nome.retina;9[3,1],[4,1],[13,1],[28,1],[67,1],[73,1],[125,1],[129,1],[180,1]
Nome.hd;9[3,1],[13,1],[28,1],[67,1],[73,1],[115,1],[118,1],[125,1],[129,1]
Nome.4,7";4[3,1],[13,1],[125,1],[129,1]
Nome.3d;7[3,1],[28,1],[60,1],[67,1],[73,1],[125,1],[129,1]
Nome.touch;9[3,1],[28,1],[60,1],[67,1],[73,1],[78,1],[80,1],[125,1],[129,1]
Nome.de;81[3,1],[4,1],[18,1],[18,1],[21,1],[21,1],[22,1],[23,1],[24,1],[24,1],[25,1],[25,1],[26,1],[26,1],[27,1],[28,1],[29,1],[29,1],[30,1],[30,1],[30,1],[31,1],[31,1],[32,1],[32,1],[33,1],[34,1],[35,1],[36,1],[36,1],[37,1],[59,1],[61,1],[62,1],[62,1],[63,1],[64,1],[64,1],[66,1],[66,1],[67,1],[68,1],[68,1],[69,1],[69,1],[69,1],[73,1],[75,1],[76,1],[77,1],[77,1],[84,1],[85,1],[85,1],[86,1],[87,1],[88,1],[88,1],[89,1],[90,1],[90,1],[92,1],[93,1],[93,1],[94,1],[94,1],[95,1],[96,1],[96,1],[97,1],[97,1],[98,1],[99,1],[100,1],[100,1],[101,1],[106,1],[107,1],[125,1],[129,1],[180,1]
Nome.apple;12[3,1],[4,1],[13,1],[28,1],[60,1],[67,1],[73,1],[122,1],[125,1],[129,1],[135,1],[180,1]
Nome.5s;5[4,1],[122,1],[125,1],[129,1],[180,1]
Nome.16gb;50[4,1],[5,1],[6,1],[7,1],[10,1],[11,1],[13,1],[15,1],[48,1],[51,1],[104,1],[106,1],[107,1],[120,1],[121,1],[122,1],[123,1],[124,1],[125,1],[127,1],[128,1],[129,1],[131,1],[133,1],[134,1],[135,1],[138,1],[141,1],[144,1],[145,1],[147,1],[151,1],[152,1],[153,1],[154,1],[155,1],[156,1],[157,1],[160,1],[162,1],[164,1],[165,1],[166,1],[169,1],[172,1],[174,1],[175,1],[176,1],[178,1],[180,1]
Nome.pratatela;3[4,1],[125,1],[129,1]
Nome.4";7[4,1],[49,1],[82,1],[83,1],[125,1],[129,1],[180,1]
Nome.8mp;24[4,1],[7,1],[9,1],[13,1],[15,1],[17,1],[82,1],[83,1],[108,1],[108,1],[109,1],[110,1],[111,1],[112,1],[112,1],[113,1],[116,1],[125,1],[129,1],[145,1],[148,1],[159,1],[176,1],[180,1]
Nome.motorola;29[5,1],[21,1],[25,1],[29,1],[51,1],[55,1],[62,1],[63,1],[66,1],[79,1],[81,1],[89,1],[90,1],[93,1],[100,1],[117,1],[121,1],[125,1],[125,1],[126,1],[129,1],[129,1],[130,1],[132,1],[136,1],[149,1],[163,1],[168,1],[171,1]
Nome.g4;19[5,1],[15,1],[18,1],[25,1],[36,1],[51,1],[62,1],[66,1],[90,1],[94,1],[96,1],[117,1],[125,1],[129,1],[145,1],[149,1],[168,1],[171,1],[176,1]
Nome.5.5'';6[5,1],[125,1],[129,1],[149,1],[168,1],[171,1]
Nome.13mp;64[5,1],[6,1],[8,1],[10,1],[11,1],[14,1],[17,1],[26,1],[31,1],[64,1],[74,1],[77,1],[78,1],[80,1],[88,1],[104,1],[106,1],[106,1],[107,1],[110,1],[111,1],[120,1],[121,1],[123,1],[125,1],[127,1],[128,1],[129,1],[130,1],[131,1],[132,1],[133,1],[134,1],[136,1],[141,1],[142,1],[143,1],[144,1],[146,1],[147,1],[150,1],[151,1],[152,1],[153,1],[154,1],[155,1],[156,1],[157,1],[160,1],[161,1],[162,1],[163,1],[164,1],[165,1],[166,1],[167,1],[169,1],[172,1],[173,1],[174,1],[175,1],[177,1],[178,1],[179,1]
Nome.asus;8[6,1],[12,1],[16,1],[71,1],[123,1],[125,1],[129,1],[138,1]
Nome.zenfone;8[6,1],[12,1],[16,1],[71,1],[123,1],[125,1],[129,1],[138,1]
Nome.go;4[6,1],[71,1],[125,1],[129,1]
Nome.lte;6[6,1],[28,1],[67,1],[73,1],[125,1],[129,1]
Nome.zb500kl1a058br;3[6,1],[125,1],[129,1]
Nome.5";17[6,1],[7,1],[8,1],[9,1],[14,1],[121,1],[125,1],[127,1],[129,1],[142,1],[144,1],[150,1],[154,1],[165,1],[172,1],[177,1],[179,1]
Nome.processador;58[6,1],[9,1],[18,1],[19,1],[20,1],[21,1],[22,1],[23,1],[24,1],[25,1],[26,1],[27,1],[29,1],[30,1],[31,1],[32,1],[33,1],[34,1],[35,1],[36,1],[37,1],[58,1],[59,1],[61,1],[62,1],[63,1],[64,1],[66,1],[68,1],[69,1],[70,1],[71,1],[74,1],[76,1],[77,1],[84,1],[85,1],[86,1],[87,1],[88,1],[89,1],[90,1],[91,1],[92,1],[93,1],[94,1],[95,1],[96,1],[97,1],[98,1],[99,1],[100,1],[101,1],[102,1],[103,1],[119,1],[125,1],[129,1]
Nome.qualcomm;4[6,1],[61,1],[125,1],[129,1]
Nome.snapdragon;4[6,1],[123,1],[125,1],[129,1]
Nome.3g/4g/wifi;3[6,1],[125,1],[129,1]
Nome.lenovo;11[7,1],[14,1],[20,1],[47,1],[48,1],[61,1],[70,1],[105,1],[125,1],[127,1],[129,1]
Nome.vibe;11[7,1],[14,1],[20,1],[47,1],[48,1],[61,1],[70,1],[105,1],[125,1],[127,1],[129,1]
Nome.c2;4[7,1],[48,1],[125,1],[129,1]
Nome.platinum;9[8,1],[29,1],[55,1],[89,1],[93,1],[125,1],[129,1],[150,1],[177,1]
Nome.mirage;4[9,1],[17,1],[125,1],[129,1]
Nome.61s;3[9,1],[125,1],[129,1]
Nome.quad;33[9,1],[17,1],[22,1],[23,1],[24,1],[30,1],[32,1],[33,1],[35,1],[37,1],[68,1],[71,1],[74,1],[85,1],[87,1],[95,1],[97,1],[98,1],[99,1],[101,1],[105,1],[106,1],[107,1],[108,1],[110,1],[111,1],[113,1],[114,1],[116,1],[119,1],[125,1],[129,1],[158,1]
Nome.core;49[9,1],[17,1],[22,1],[23,1],[24,1],[26,1],[27,1],[30,1],[31,1],[32,1],[33,1],[34,1],[35,1],[37,1],[59,1],[64,1],[68,1],[69,1],[71,1],[74,1],[77,1],[84,1],[85,1],[86,1],[87,1],[88,1],[91,1],[92,1],[95,1],[97,1],[98,1],[99,1],[101,1],[102,1],[104,1],[105,1],[106,1],[106,1],[107,1],[108,1],[110,1],[111,1],[114,1],[116,1],[120,1],[121,1],[125,1],[129,1],[173,1]
Nome.1.3;4[9,1],[30,1],[125,1],[129,1]
Nome.8gb;8[9,1],[82,1],[83,1],[116,1],[125,1],[129,1],[148,1],[159,1]
Nome.3g/wifi;3[9,1],[125,1],[129,1]
Nome.j7;28[10,1],[19,1],[27,1],[34,1],[40,1],[44,1],[53,1],[57,1],[59,1],[84,1],[86,1],[91,1],[92,1],[102,1],[103,1],[104,1],[120,1],[125,1],[128,1],[129,1],[141,1],[143,1],[146,1],[161,1],[164,1],[167,1],[173,1],[175,1]
Nome.duos;48[10,1],[19,1],[22,1],[23,1],[27,1],[32,1],[33,1],[34,1],[35,1],[37,1],[38,1],[39,1],[42,1],[45,1],[50,1],[52,1],[57,1],[59,1],[68,1],[84,1],[85,1],[86,1],[87,1],[91,1],[92,1],[95,1],[97,1],[98,1],[99,1],[101,1],[102,1],[103,1],[104,1],[106,1],[107,1],[120,1],[121,1],[125,1],[129,1],[133,1],[141,1],[144,1],[154,1],[159,1],[164,1],[165,1],[172,1],[175,1]
Nome.5.1;37[10,1],[11,1],[22,1],[23,1],[27,1],[32,1],[33,1],[59,1],[68,1],[71,1],[85,1],[87,1],[92,1],[97,1],[98,1],[99,1],[101,1],[110,1],[111,1],[114,1],[116,1],[119,1],[125,1],[129,1],[133,1],[141,1],[144,1],[148,1],[153,1],[154,1],[159,1],[160,1],[164,1],[165,1],[172,1],[175,1],[178,1]
Nome.5.5";24[10,1],[79,1],[81,1],[125,1],[125,1],[126,1],[128,1],[129,1],[129,1],[130,1],[132,1],[133,1],[141,1],[143,1],[146,1],[153,1],[160,1],[161,1],[163,1],[164,1],[167,1],[173,1],[175,1],[178,1]
Nome.a5;6[11,1],[38,1],[45,1],[121,1],[125,1],[129,1]
Nome.2016;8[11,1],[40,1],[68,1],[74,1],[114,1],[121,1],[125,1],[129,1]
Nome.3;6[12,1],[16,1],[113,1],[125,1],[129,1],[138,1]
Nome.6;8[12,1],[13,1],[16,1],[110,1],[111,1],[123,1],[125,1],[129,1]
Nome.safira;4[12,1],[125,1],[129,1],[138,1]
Nome.cinza;5[13,1],[122,1],[125,1],[129,1],[180,1]
Nome.espacial;5[13,1],[122,1],[125,1],[129,1],[180,1]
Nome.k6;5[14,1],[47,1],[61,1],[125,1],[129,1]
Nome.play;11[15,1],[18,1],[36,1],[51,1],[94,1],[96,1],[125,1],[126,1],[129,1],[145,1],[176,1]
Nome.dtv;10[15,1],[18,1],[36,1],[71,1],[94,1],[96,1],[125,1],[129,1],[145,1],[176,1]
Nome.colors;14[15,1],[18,1],[36,1],[49,1],[51,1],[94,1],[96,1],[108,1],[112,1],[125,1],[126,1],[129,1],[145,1],[176,1]
Nome.5'';7[15,1],[125,1],[129,1],[145,1],[148,1],[159,1],[176,1]
Nome.branco;17[16,1],[26,1],[57,1],[62,1],[64,1],[88,1],[104,1],[117,1],[119,1],[124,1],[125,1],[129,1],[130,1],[152,1],[162,1],[164,1],[168,1]
Nome.81s;3[17,1],[125,1],[129,1]
Nome.5,5";4[17,1],[125,1],[129,1],[170,1]
Nome.+;24[17,1],[20,1],[70,1],[104,1],[105,1],[106,1],[106,1],[107,1],[108,1],[110,1],[111,1],[112,1],[113,1],[113,1],[114,1],[115,1],[116,1],[116,1],[118,1],[119,1],[120,1],[121,1],[125,1],[129,1]
Nome.2gb;22[17,1],[18,1],[21,1],[25,1],[29,1],[30,1],[36,1],[62,1],[63,1],[66,1],[69,1],[89,1],[90,1],[93,1],[94,1],[96,1],[100,1],[115,1],[118,1],[121,1],[125,1],[129,1]
Nome.memória;3[17,1],[125,1],[129,1]
Nome.ram;21[17,1],[18,1],[21,1],[25,1],[29,1],[30,1],[36,1],[61,1],[62,1],[63,1],[66,1],[69,1],[89,1],[90,1],[93,1],[94,1],[96,1],[100,1],[113,1],[125,1],[129,1]
Nome.xt1603;7[18,1],[36,1],[51,1],[94,1],[96,1],[125,1],[129,1]
Nome.com;73[18,1],[19,1],[20,1],[21,1],[22,1],[23,1],[24,1],[25,1],[26,1],[27,1],[28,1],[28,1],[29,1],[30,1],[31,1],[32,1],[33,1],[34,1],[35,1],[37,1],[58,1],[59,1],[60,1],[61,1],[62,1],[63,1],[64,1],[65,1],[66,1],[67,1],[67,1],[68,1],[69,1],[70,1],[71,1],[73,1],[73,1],[74,1],[76,1],[77,1],[84,1],[85,1],[86,1],[87,1],[88,1],[89,1],[90,1],[91,1],[92,1],[93,1],[94,1],[95,1],[97,1],[98,1],[99,1],[100,1],[101,1],[102,1],[103,1],[104,1],[106,1],[107,1],[108,1],[109,1],[110,1],[111,1],[112,1],[113,1],[116,1],[116,1],[120,1],[125,1],[129,1]
Nome.tv,;6[18,1],[36,1],[94,1],[96,1],[125,1],[129,1]
Nome.16gb,;21[18,1],[26,1],[30,1],[31,1],[34,1],[35,1],[36,1],[37,1],[64,1],[69,1],[71,1],[74,1],[77,1],[84,1],[86,1],[88,1],[94,1],[95,1],[96,1],[125,1],[129,1]
Nome.5'',;10[18,1],[21,1],[29,1],[36,1],[93,1],[94,1],[96,1],[100,1],[125,1],[129,1]
Nome.chip,;70[18,1],[19,1],[20,1],[21,1],[22,1],[23,1],[24,1],[25,1],[26,1],[27,1],[29,1],[31,1],[32,1],[33,1],[34,1],[35,1],[36,1],[37,1],[59,1],[61,1],[62,1],[63,1],[64,1],[66,1],[68,1],[70,1],[71,1],[74,1],[76,1],[77,1],[84,1],[85,1],[86,1],[87,1],[88,1],[89,1],[90,1],[91,1],[92,1],[93,1],[94,1],[95,1],[96,1],[97,1],[98,1],[99,1],[100,1],[101,1],[102,1],[103,1],[104,1],[105,1],[106,1],[106,1],[107,1],[109,1],[110,1],[111,1],[113,1],[114,1],[115,1],[116,1],[116,1],[118,1],[119,1],[120,1],[121,1],[125,1],[129,1],[158,1]
Nome.6.0,;23[18,1],[20,1],[25,1],[26,1],[30,1],[31,1],[36,1],[58,1],[61,1],[62,1],[64,1],[66,1],[69,1],[70,1],[74,1],[76,1],[77,1],[88,1],[90,1],[94,1],[96,1],[125,1],[129,1]
Nome.4g,;62[18,1],[19,1],[20,1],[21,1],[22,1],[23,1],[24,1],[25,1],[26,1],[27,1],[29,1],[30,1],[31,1],[33,1],[34,1],[35,1],[36,1],[37,1],[58,1],[59,1],[60,1],[61,1],[62,1],[63,1],[64,1],[66,1],[69,1],[70,1],[71,1],[74,1],[77,1],[84,1],[86,1],[87,1],[88,1],[89,1],[90,1],[91,1],[92,1],[93,1],[94,1],[95,1],[96,1],[100,1],[101,1],[102,1],[103,1],[104,1],[105,1],[106,1],[106,1],[107,1],[109,1],[113,1],[115,1],[116,1],[118,1],[119,1],[120,1],[121,1],[125,1],[129,1]
Nome.8mp,;11[18,1],[36,1],[76,1],[94,1],[96,1],[98,1],[99,1],[115,1],[118,1],[125,1],[129,1]
Nome.quadcore;10[18,1],[20,1],[36,1],[70,1],[76,1],[94,1],[96,1],[125,1],[129,1],[131,1]
Nome.e;58[18,1],[19,1],[21,1],[22,1],[23,1],[24,1],[25,1],[26,1],[27,1],[28,1],[29,1],[30,1],[31,1],[32,1],[33,1],[34,1],[35,1],[36,1],[37,1],[58,1],[59,1],[60,1],[61,1],[62,1],[63,1],[64,1],[66,1],[67,1],[68,1],[68,1],[69,1],[71,1],[73,1],[74,1],[76,1],[77,1],[84,1],[85,1],[86,1],[87,1],[88,1],[89,1],[90,1],[91,1],[92,1],[93,1],[94,1],[95,1],[96,1],[97,1],[98,1],[99,1],[100,1],[101,1],[102,1],[103,1],[125,1],[129,1]
Nome.prime;16[19,1],[41,1],[44,1],[46,1],[53,1],[91,1],[102,1],[103,1],[116,1],[125,1],[129,1],[143,1],[146,1],[161,1],[167,1],[173,1]
Nome.32gb,;24[19,1],[21,1],[25,1],[28,1],[29,1],[58,1],[60,1],[61,1],[62,1],[63,1],[65,1],[66,1],[67,1],[73,1],[89,1],[90,1],[91,1],[93,1],[100,1],[102,1],[103,1],[106,1],[125,1],[129,1]
Nome.5.5",;14[19,1],[27,1],[34,1],[59,1],[61,1],[71,1],[84,1],[86,1],[91,1],[92,1],[102,1],[103,1],[125,1],[129,1]
Nome.13mp,;26[19,1],[21,1],[22,1],[23,1],[27,1],[29,1],[30,1],[33,1],[34,1],[35,1],[37,1],[59,1],[71,1],[84,1],[86,1],[87,1],[91,1],[92,1],[93,1],[95,1],[100,1],[101,1],[102,1],[103,1],[125,1],[129,1]
Nome.leitor;6[19,1],[91,1],[102,1],[103,1],[125,1],[129,1]
Nome.biométrico,;6[19,1],[91,1],[102,1],[103,1],[125,1],[129,1]
Nome.b;5[20,1],[70,1],[105,1],[125,1],[129,1]
Nome.8gb,;8[20,1],[24,1],[70,1],[105,1],[114,1],[125,1],[129,1],[158,1]
Nome.4.5",;7[20,1],[24,1],[68,1],[70,1],[105,1],[125,1],[129,1]
Nome.5mp,;8[20,1],[32,1],[70,1],[85,1],[97,1],[125,1],[129,1],[158,1]
Nome.capa;4[20,1],[70,1],[125,1],[129,1]
Nome.extra;4[20,1],[70,1],[125,1],[129,1]
Nome.dourada;4[20,1],[70,1],[125,1],[129,1]
Nome.g5;9[21,1],[29,1],[55,1],[63,1],[89,1],[93,1],[100,1],[125,1],[129,1]
Nome.xt1672;6[21,1],[29,1],[93,1],[100,1],[125,1],[129,1]
Nome.7.0,;8[21,1],[29,1],[63,1],[89,1],[93,1],[100,1],[125,1],[129,1]
Nome.j5;19[22,1],[23,1],[33,1],[35,1],[37,1],[39,1],[52,1],[87,1],[95,1],[101,1],[106,1],[107,1],[125,1],[129,1],[144,1],[154,1],[165,1],[172,1],[174,1]
Nome.5.0",;9[22,1],[23,1],[33,1],[87,1],[98,1],[99,1],[101,1],[125,1],[129,1]
Nome.1.2;17[22,1],[23,1],[32,1],[33,1],[35,1],[37,1],[68,1],[85,1],[87,1],[95,1],[97,1],[101,1],[106,1],[107,1],[114,1],[125,1],[129,1]
Nome.lg;26[24,1],[26,1],[30,1],[31,1],[43,1],[64,1],[69,1],[75,1],[77,1],[88,1],[106,1],[115,1],[118,1],[119,1],[125,1],[129,1],[134,1],[147,1],[151,1],[152,1],[155,1],[156,1],[157,1],[162,1],[166,1],[169,1]
Nome.k4;5[24,1],[43,1],[119,1],[125,1],[129,1]
Nome.indigo;3[24,1],[125,1],[129,1]
Nome.5.1,;4[24,1],[125,1],[129,1],[158,1]
Nome.5mp;13[24,1],[68,1],[104,1],[105,1],[106,1],[107,1],[113,1],[114,1],[116,1],[116,1],[120,1],[125,1],[129,1]
Nome.1ghz;3[24,1],[125,1],[129,1]
Nome.xt1640;7[25,1],[62,1],[66,1],[90,1],[117,1],[125,1],[129,1]
Nome.5.5'',;6[25,1],[62,1],[66,1],[90,1],[125,1],[129,1]
Nome.16mp,;7[25,1],[61,1],[62,1],[66,1],[90,1],[125,1],[129,1]
Nome.k10;12[26,1],[31,1],[64,1],[77,1],[88,1],[106,1],[125,1],[129,1],[152,1],[156,1],[157,1],[162,1]
Nome.tv;20[26,1],[31,1],[41,1],[46,1],[55,1],[63,1],[64,1],[71,1],[77,1],[88,1],[89,1],[108,1],[112,1],[116,1],[125,1],[129,1],[152,1],[156,1],[157,1],[162,1]
Nome.5.3";13[26,1],[31,1],[64,1],[77,1],[88,1],[125,1],[129,1],[152,1],[156,1],[157,1],[162,1],[166,1],[169,1]
Nome.hd,;8[26,1],[31,1],[60,1],[64,1],[77,1],[88,1],[125,1],[129,1]
Nome.octa;21[26,1],[27,1],[31,1],[34,1],[59,1],[64,1],[69,1],[77,1],[84,1],[86,1],[88,1],[91,1],[92,1],[102,1],[104,1],[106,1],[120,1],[121,1],[125,1],[129,1],[173,1]
Nome.1.14;7[26,1],[31,1],[64,1],[77,1],[88,1],[125,1],[129,1]
Nome.1.5;7[27,1],[59,1],[92,1],[98,1],[99,1],[125,1],[129,1]
Nome.4,7”;6[28,1],[60,1],[67,1],[73,1],[125,1],[129,1]
Nome.touch,;6[28,1],[60,1],[67,1],[73,1],[125,1],[129,1]
Nome.ios;7[28,1],[60,1],[67,1],[73,1],[125,1],[129,1],[180,1]
Nome.10,;5[28,1],[67,1],[73,1],[125,1],[129,1]
Nome.sensor;6[28,1],[60,1],[67,1],[73,1],[125,1],[129,1]
Nome.id,;6[28,1],[60,1],[67,1],[73,1],[125,1],[129,1]
Nome.12mp,;8[28,1],[60,1],[63,1],[67,1],[73,1],[89,1],[125,1],[129,1]
Nome.resistente;5[28,1],[67,1],[73,1],[125,1],[129,1]
Nome.à;5[28,1],[67,1],[73,1],[125,1],[129,1]
Nome.água,;5[28,1],[67,1],[73,1],[125,1],[129,1]
Nome.wifi,;8[28,1],[60,1],[67,1],[72,1],[73,1],[76,1],[125,1],[129,1]
Nome.nfc;6[28,1],[60,1],[67,1],[73,1],[125,1],[129,1]
Nome.x;13[30,1],[69,1],[115,1],[118,1],[125,1],[126,1],[129,1],[134,1],[147,1],[151,1],[155,1],[166,1],[169,1]
Nome.power;8[30,1],[125,1],[129,1],[130,1],[132,1],[136,1],[166,1],[169,1]
Nome.índigo;6[30,1],[31,1],[43,1],[125,1],[129,1],[157,1]
Nome.5.3",;3[30,1],[125,1],[129,1]
Nome.j1;7[32,1],[68,1],[85,1],[97,1],[114,1],[125,1],[129,1]
Nome.mini;5[32,1],[85,1],[97,1],[125,1],[129,1]
Nome.4.0",;5[32,1],[85,1],[97,1],[125,1],[129,1]
Nome.3g,;13[32,1],[68,1],[72,1],[76,1],[85,1],[97,1],[110,1],[111,1],[114,1],[116,1],[125,1],[129,1],[158,1]
Nome.metal;13[34,1],[35,1],[37,1],[40,1],[82,1],[83,1],[84,1],[86,1],[95,1],[125,1],[128,1],[129,1],[174,1]
Nome.1.6;7[34,1],[84,1],[86,1],[121,1],[125,1],[129,1],[173,1]
Nome.5.2",;6[35,1],[37,1],[69,1],[95,1],[125,1],[129,1]
Nome.2017;7[38,1],[42,1],[45,1],[50,1],[106,1],[125,1],[129,1]
Nome.a520f;4[38,1],[45,1],[125,1],[129,1]
Nome.desbloqueado;23[38,1],[39,1],[40,1],[41,1],[42,1],[43,1],[44,1],[45,1],[46,1],[47,1],[48,1],[49,1],[50,1],[51,1],[52,1],[53,1],[54,1],[56,1],[57,1],[72,1],[75,1],[125,1],[129,1]
Nome.j500m;6[39,1],[52,1],[106,1],[107,1],[125,1],[129,1]
Nome.j710m;3[40,1],[125,1],[129,1]
Nome.j2;5[41,1],[46,1],[116,1],[125,1],[129,1]
Nome.g532mt;4[41,1],[46,1],[125,1],[129,1]
Nome.rosa;9[41,1],[67,1],[71,1],[91,1],[116,1],[125,1],[129,1],[134,1],[173,1]
Nome.a7;5[42,1],[50,1],[125,1],[129,1],[133,1]
Nome.a720f;4[42,1],[50,1],[125,1],[129,1]
Nome.k130f;3[43,1],[125,1],[129,1]
Nome.azul;6[43,1],[76,1],[125,1],[129,1],[137,1],[166,1]
Nome.g610m;4[44,1],[53,1],[125,1],[129,1]
Nome.grafite;4[47,1],[125,1],[127,1],[129,1]
Nome.k10a40;3[48,1],[125,1],[129,1]
Nome.alcatel;15[49,1],[72,1],[78,1],[80,1],[82,1],[83,1],[108,1],[109,1],[110,1],[111,1],[112,1],[113,1],[116,1],[125,1],[129,1]
Nome.pixi;7[49,1],[78,1],[80,1],[82,1],[83,1],[125,1],[129,1]
Nome.4;11[49,1],[78,1],[80,1],[82,1],[83,1],[109,1],[125,1],[125,1],[129,1],[129,1],[170,1]
Nome.ot4034e;3[49,1],[125,1],[129,1]
Nome.s8;3[54,1],[125,1],[129,1]
Nome.smg950;3[54,1],[125,1],[129,1]
Nome.64gb;8[54,1],[56,1],[125,1],[129,1],[130,1],[132,1],[136,1],[163,1]
Nome.ametista;3[54,1],[125,1],[129,1]
Nome.digital;8[55,1],[117,1],[125,1],[129,1],[152,1],[156,1],[157,1],[162,1]
Nome.xt1683;5[55,1],[63,1],[89,1],[125,1],[129,1]
Nome.s8+;3[56,1],[125,1],[129,1]
Nome.smg955;3[56,1],[125,1],[129,1]
Nome.j700m;5[57,1],[104,1],[120,1],[125,1],[129,1]
Nome.5.1",;3[58,1],[125,1],[129,1]
Nome.6s;4[60,1],[125,1],[129,1],[135,1]
Nome.9,;3[60,1],[125,1],[129,1]
Nome.isight;3[60,1],[125,1],[129,1]
Nome.gps,;3[60,1],[125,1],[129,1]
Nome.bluetooth;4[60,1],[76,1],[125,1],[129,1]
Nome.prateado;3[60,1],[125,1],[129,1]
Nome.3gb;3[61,1],[125,1],[129,1]
Nome.5.2'',;4[63,1],[89,1],[125,1],[129,1]
Nome.sony;4[65,1],[124,1],[125,1],[129,1]
Nome.xperia;4[65,1],[124,1],[125,1],[129,1]
Nome.z5;3[65,1],[125,1],[129,1]
Nome.premium;4[65,1],[109,1],[125,1],[129,1]
Nome.cromado;3[65,1],[125,1],[129,1]
Nome.5.5&quot;3[65,1],[125,1],[129,1]
Nome.bambu;6[66,1],[79,1],[81,1],[125,1],[129,1],[170,1]
Nome.câm.de;3[68,1],[125,1],[129,1]
Nome.frontal;21[68,1],[104,1],[105,1],[106,1],[106,1],[107,1],[108,1],[110,1],[111,1],[112,1],[113,1],[114,1],[115,1],[116,1],[118,1],[119,1],[120,1],[121,1],[125,1],[129,1],[158,1]
Nome.2mp,;4[68,1],[105,1],[125,1],[129,1]
Nome.cam;10[69,1],[115,1],[118,1],[125,1],[129,1],[134,1],[137,1],[147,1],[151,1],[155,1]
Nome.titânio;4[69,1],[125,1],[129,1],[151,1]
Nome.duas;3[69,1],[125,1],[129,1]
Nome.câmeras;3[69,1],[125,1],[129,1]
Nome.traseira,;3[69,1],[125,1],[129,1]
Nome.1.1;3[69,1],[125,1],[129,1]
Nome.live;3[71,1],[125,1],[129,1]
Nome.zb551kl;3[71,1],[125,1],[129,1]
Nome.digital,;4[71,1],[116,1],[125,1],[129,1]
Nome.celular;16[72,1],[75,1],[104,1],[106,1],[106,1],[107,1],[108,1],[109,1],[112,1],[113,1],[115,1],[118,1],[119,1],[120,1],[125,1],[129,1]
Nome.onetouch;3[72,1],[125,1],[129,1]
Nome.3075;3[72,1],[125,1],[129,1]
Nome.dark;3[72,1],[125,1],[129,1]
Nome.gray,;3[72,1],[125,1],[129,1]
Nome.fm,;3[72,1],[125,1],[129,1]
Nome.teclado;3[72,1],[125,1],[129,1]
Nome.qwerty,;3[72,1],[125,1],[129,1]
Nome.bluetooth,;3[72,1],[125,1],[129,1]
Nome.vivo;3[72,1],[125,1],[129,1]
Nome.a3;4[74,1],[125,1],[129,1],[131,1]
Nome.a310m/ds;3[74,1],[125,1],[129,1]
Nome.4.7",;3[74,1],[125,1],[129,1]
Nome.1.5ghz;4[74,1],[125,1],[129,1],[131,1]
Nome.b220;3[75,1],[125,1],[129,1]
Nome.display;3[75,1],[125,1],[129,1]
Nome.colorido;3[75,1],[125,1],[129,1]
Nome.1.45;3[75,1],[125,1],[129,1]
Nome.rádio;3[75,1],[125,1],[129,1]
Nome.fm;3[75,1],[125,1],[129,1]
Nome.lanterna;3[75,1],[125,1],[129,1]
Nome.positivo;3[76,1],[125,1],[129,1]
Nome.twist;3[76,1],[125,1],[129,1]
Nome.m;4[76,1],[124,1],[125,1],[129,1]
Nome.3g;7[76,1],[78,1],[80,1],[82,1],[83,1],[125,1],[129,1]
Nome.s520;3[76,1],[125,1],[129,1]
Nome.5”,;3[76,1],[125,1],[129,1]
Nome.1.0;3[76,1],[125,1],[129,1]
Nome.one;4[78,1],[80,1],[125,1],[129,1]
Nome.wifi;10[78,1],[80,1],[125,1],[129,1],[144,1],[148,1],[154,1],[159,1],[165,1],[172,1]
Nome.6.0";4[78,1],[80,1],[125,1],[129,1]
Nome.24gb;4[78,1],[80,1],[125,1],[129,1]
Nome.g;4[79,1],[81,1],[125,1],[129,1]
Nome.4ª;4[79,1],[81,1],[125,1],[129,1]
Nome.geração;5[79,1],[81,1],[121,1],[125,1],[129,1]
Nome.4034e;4[82,1],[83,1],[125,1],[129,1]
Nome.j3;6[98,1],[99,1],[125,1],[129,1],[148,1],[159,1]
Nome.smj320m/ds;4[98,1],[99,1],[125,1],[129,1]
Nome.5.5;4[104,1],[120,1],[125,1],[129,1]
Nome.amoled,;5[104,1],[114,1],[120,1],[125,1],[129,1]
Nome.flash,;10[104,1],[106,1],[107,1],[108,1],[110,1],[111,1],[113,1],[120,1],[125,1],[129,1]
Nome.1.5ghz,;5[104,1],[106,1],[120,1],[125,1],[129,1]
Nome.a2016b30;3[105,1],[125,1],[129,1]
Nome.mediatek;3[105,1],[125,1],[129,1]
Nome.1.0ghz,;3[105,1],[125,1],[129,1]
Nome.1gb;6[105,1],[110,1],[111,1],[113,1],[125,1],[129,1]
Nome.ram,;8[105,1],[110,1],[111,1],[115,1],[118,1],[121,1],[125,1],[129,1]
Nome.5,;4[106,1],[107,1],[125,1],[129,1]
Nome.ghz,;6[106,1],[107,1],[114,1],[121,1],[125,1],[129,1]
Nome.5.3,;3[106,1],[125,1],[129,1]
Nome.mp,;6[106,1],[114,1],[119,1],[121,1],[125,1],[129,1]
Nome.pixi4;8[108,1],[110,1],[111,1],[112,1],[113,1],[116,1],[125,1],[129,1]
Nome.5';5[108,1],[112,1],[113,1],[125,1],[129,1]
Nome.ot5010;4[108,1],[112,1],[125,1],[129,1]
Nome.digital,dual;4[108,1],[112,1],[125,1],[129,1]
Nome.chip,3g,tela;4[108,1],[112,1],[125,1],[129,1]
Nome.5',câmera;4[108,1],[112,1],[125,1],[129,1]
Nome.pop;3[109,1],[125,1],[129,1]
Nome.ot5051;3[109,1],[125,1],[129,1]
Nome.ips;3[109,1],[125,1],[129,1]
Nome.5',;4[109,1],[113,1],[125,1],[129,1]
Nome.13mp+frontal;3[109,1],[125,1],[129,1]
Nome.flash;5[109,1],[116,1],[116,1],[125,1],[129,1]
Nome.,quad;3[109,1],[125,1],[129,1]
Nome.core,40gb*,1.5gb;3[109,1],[125,1],[129,1]
Nome.ram,android;43[109,1],[117,1],[120,1],[125,1],[129,1],[141,1],[142,1],[143,1],[144,1],[145,1],[146,1],[147,1],[148,1],[149,1],[150,1],[151,1],[152,1],[153,1],[154,1],[155,1],[156,1],[157,1],[159,1],[160,1],[161,1],[162,1],[163,1],[164,1],[165,1],[166,1],[167,1],[168,1],[169,1],[170,1],[171,1],[172,1],[173,1],[174,1],[175,1],[176,1],[177,1],[178,1],[179,1]
Nome.ot8050;4[110,1],[111,1],[125,1],[129,1]
Nome.6,;4[110,1],[111,1],[125,1],[129,1]
Nome.1.3ghz,android;43[110,1],[111,1],[120,1],[125,1],[129,1],[141,1],[142,1],[143,1],[144,1],[145,1],[146,1],[147,1],[148,1],[149,1],[150,1],[151,1],[152,1],[153,1],[154,1],[155,1],[156,1],[157,1],[159,1],[160,1],[161,1],[162,1],[163,1],[164,1],[165,1],[166,1],[167,1],[168,1],[169,1],[170,1],[171,1],[172,1],[173,1],[174,1],[175,1],[176,1],[177,1],[178,1],[179,1]
Nome.flash,quad;3[112,1],[125,1],[129,1]
Nome.core,16gb*,1gb;3[112,1],[125,1],[129,1]
Nome.ram+3;3[112,1],[125,1],[129,1]
Nome.capas;4[112,1],[113,1],[125,1],[129,1]
Nome.metallic;3[113,1],[125,1],[129,1]
Nome.ot5045;3[113,1],[125,1],[129,1]
Nome.core,;6[113,1],[116,1],[119,1],[125,1],[129,1],[158,1]
Nome.24gb*,;3[113,1],[125,1],[129,1]
Nome.j120h;3[114,1],[125,1],[129,1]
Nome.4.5;3[114,1],[125,1],[129,1]
Nome.super;3[114,1],[125,1],[129,1]
Nome.2;5[114,1],[119,1],[123,1],[125,1],[129,1]
Nome.k580;4[115,1],[118,1],[125,1],[129,1]
Nome.rosê;3[115,1],[125,1],[129,1]
Nome.full;4[115,1],[118,1],[125,1],[129,1]
Nome.5,2",;3[115,1],[125,1],[129,1]
Nome.13mp/5mp;4[115,1],[118,1],[125,1],[129,1]
Nome.octacore,;4[115,1],[118,1],[125,1],[129,1]
Nome.16;6[115,1],[118,1],[121,1],[125,1],[129,1],[138,1]
Nome.gb,;6[115,1],[118,1],[119,1],[121,1],[125,1],[129,1]
Nome.g532;3[116,1],[125,1],[129,1]
Nome.5",;4[116,1],[125,1],[129,1],[158,1]
Nome.frontal,;3[116,1],[125,1],[129,1]
Nome.1.4ghz,;3[116,1],[125,1],[129,1]
Nome.3.5';3[116,1],[125,1],[129,1]
Nome.ot4017;3[116,1],[125,1],[129,1]
Nome.3.5',;3[116,1],[125,1],[129,1]
Nome.1.3mp,;3[116,1],[125,1],[129,1]
Nome.4gb;3[116,1],[125,1],[129,1]
Nome.memória,;3[116,1],[125,1],[129,1]
Nome.chip,tela;3[117,1],[125,1],[129,1]
Nome.5.5",câmera;3[117,1],[125,1],[129,1]
Nome.16mp+frontal;3[117,1],[125,1],[129,1]
Nome.5mp,octa;3[117,1],[125,1],[129,1]
Nome.core,32gb,2gb;3[117,1],[125,1],[129,1]
Nome.6,sensor;3[117,1],[125,1],[129,1]
Nome.impressão;3[117,1],[125,1],[129,1]
Nome.5,2,;3[118,1],[125,1],[129,1]
Nome.4.5,;3[119,1],[125,1],[129,1]
Nome.mp;5[119,1],[121,1],[125,1],[129,1],[138,1]
Nome.8;3[119,1],[125,1],[129,1]
Nome.a510m;3[121,1],[125,1],[129,1]
Nome.5.2,;3[121,1],[125,1],[129,1]
Nome.13;3[121,1],[125,1],[129,1]
Nome.hdtv;3[121,1],[125,1],[129,1]
Nome.3ª;3[121,1],[125,1],[129,1]
Nome.dualchip;8[121,1],[125,1],[125,1],[126,1],[127,1],[129,1],[129,1],[134,1]
Nome.(cód:;22[121,1],[122,1],[123,1],[124,1],[125,1],[125,1],[126,1],[127,1],[128,1],[129,1],[129,1],[130,1],[131,1],[132,1],[133,1],[134,1],[135,1],[136,1],[137,1],[138,1],[139,1],[140,1]
Nome.8915002);3[121,1],[125,1],[129,1]
Nome.8632872);3[122,1],[125,1],[129,1]
Nome.laser;3[123,1],[125,1],[129,1]
Nome.câm;10[123,1],[124,1],[125,1],[125,1],[129,1],[129,1],[130,1],[131,1],[132,1],[136,1]
Nome.dualchip,;3[123,1],[125,1],[129,1]
Nome.1.7ghz,;3[123,1],[125,1],[129,1]
Nome.9371024);3[123,1],[125,1],[129,1]
Nome.xa;3[124,1],[125,1],[129,1]
Nome.ultra;3[124,1],[125,1],[129,1]
Nome.android™;44[124,1],[125,1],[125,1],[129,1],[129,1],[134,1],[141,1],[142,1],[143,1],[144,1],[145,1],[146,1],[147,1],[148,1],[149,1],[150,1],[151,1],[152,1],[153,1],[154,1],[155,1],[156,1],[157,1],[159,1],[160,1],[161,1],[162,1],[163,1],[164,1],[165,1],[166,1],[167,1],[168,1],[169,1],[170,1],[171,1],[172,1],[173,1],[174,1],[175,1],[176,1],[177,1],[178,1],[179,1]
Nome.21,5mp;3[124,1],[125,1],[129,1]
Nome.9362577);3[124,1],[125,1],[129,1]
Nome.bamboo;3[125,1],[125,1],[129,1]
Nome.6.0.1;5[125,1],[125,1],[129,1],[129,1],[163,1]
Nome.marshmallow;15[125,1],[125,1],[129,1],[129,1],[130,1],[132,1],[136,1],[137,1],[147,1],[151,1],[152,1],[155,1],[156,1],[157,1],[162,1]
Nome.9361394);3[125,1],[125,1],[129,1]
Nome.21mp;2[126,1],[129,1]
Nome.8915010);2[126,1],[129,1]
Nome.k5;2[127,1],[129,1]
Nome.lollipop;2[127,1],[129,1]
Nome.5.1.1;2[127,1],[129,1]
Nome.9277174);2[127,1],[129,1]
Nome.9348053);2[128,1],[129,1]
Nome.9337730);2[129,1],[129,1]
Nome.z;4[130,1],[132,1],[136,1],[163,1]
Nome.&;2[130,1],[132,1]
Nome.sound;2[130,1],[132,1]
Nome.ed;1[130,1]
Nome.android™6.0.1;41[130,1],[132,1],[136,1],[141,1],[142,1],[143,1],[144,1],[145,1],[146,1],[147,1],[148,1],[149,1],[150,1],[151,1],[152,1],[153,1],[154,1],[155,1],[156,1],[157,1],[159,1],[160,1],[161,1],[162,1],[163,1],[164,1],[165,1],[166,1],[167,1],[168,1],[169,1],[170,1],[171,1],[172,1],[173,1],[174,1],[175,1],[176,1],[177,1],[178,1],[179,1]
Nome.9361927);1[130,1]
Nome.4.7";1[131,1]
Nome.9363461);1[131,1]
Nome.ed.;1[132,1]
Nome.9361920);1[132,1]
Nome.9247277);1[133,1]
Nome.5,2";1[134,1]
Nome.9406156);1[134,1]
Nome.9202910);1[135,1]
Nome.edition;1[136,1]
Nome.5.5”;1[136,1]
Nome.9361892);1[136,1]
Nome.quantum;1[137,1]
Nome.fly;1[137,1]
Nome.q7;1[137,1]
Nome.9412684);1[137,1]
Nome.9411321);1[138,1]
Nome.s6;2[139,1],[140,1]
Nome.edge;1[139,1]
Nome.8869751);1[139,1]
Nome.8869278);1[140,1]
Nome.on;3[153,1],[160,1],[178,1]
Nome.rose;1[155,1]
Nome.gold;1[155,1]
Nome.logic;1[158,1]
Nome.x5;1[158,1]
Nome.lite;1[158,1]
Nome.style;1[163,1]
Nome.escuro;1[166,1]
